Name,Age,Emails,DOB
Jennifer,52,kingdustin@example.com,1985-01-01
Michael,48,martinmark@example.org,1973-06-16
David,47,kpope@example.net,1999-01-03
Kevin,27,codygarcia@example.com,1977-04-30
Sara,23,jasmine48@example.com,1971-03-20
Michael,52,valerie50@example.net,1994-04-26
Zachary,36,ijohnson@example.com,1987-12-15
Tristan,44,tflynn@example.com,1985-08-23
Ray,31,everettdaryl@example.org,1976-06-28
Dwayne,37,christopherglover@example.org,1995-07-28
Travis,51,ngonzalez@example.com,1979-04-02
Caitlin,26,clifford20@example.net,1980-08-17
Nichole,57,roberthess@example.net,1980-04-14
Amy,60,yklein@example.org,1983-04-07
Amanda,27,lprice@example.net,1977-06-09
David,35,anovak@example.com,1981-05-17
Andrew,34,hsutton@example.org,1987-01-03
Wanda,60,andreasilva@example.net,1981-11-29
Laura,46,gina88@example.com,1994-05-18
April,24,mwells@example.net,1972-02-24
Frank,24,samuel12@example.org,1991-11-08
Robert,39,ramirezaustin@example.net,1989-03-16
Valerie,25,wduncan@example.org,1994-12-26
Marissa,42,amber99@example.com,1994-08-07
Joseph,29,jeremycooper@example.org,1993-07-14
Jeffrey,46,taylornoah@example.com,1974-01-29
Christopher,35,anthonywright@example.org,1988-03-22
Jodi,21,johnsonzachary@example.net,1992-08-09
Howard,44,stacyzhang@example.org,1991-07-28
John,31,richardsnicole@example.net,1965-04-26
John,27,tstewart@example.com,1966-04-18
Sara,43,tdowns@example.com,1966-05-28
Dustin,25,valenzuelaveronica@example.net,1994-09-20
Destiny,23,roachtravis@example.com,1980-05-06
Mary,60,jessesmith@example.net,1969-12-07
Katherine,36,qburton@example.com,1997-12-12
Jacob,21,stephen63@example.com,1983-06-16
Sherry,31,david92@example.com,1974-07-17
Victoria,32,ycox@example.org,1997-06-28
Kyle,32,milessophia@example.net,1987-10-14
Brian,32,smithamy@example.org,1976-10-09
Eric,53,dylanbailey@example.org,1991-04-04
Timothy,43,howellrobert@example.com,1976-07-27
Lisa,45,jasonwatkins@example.net,1998-05-09
Sara,51,brian32@example.com,1985-05-19
Mary,50,bergerruth@example.com,1965-08-19
Allison,53,dgriffin@example.org,1993-02-16
Casey,58,robert59@example.com,1983-04-05
Carolyn,25,victoriagreen@example.net,1983-04-02
Mary,38,sean16@example.com,1970-08-05
Victoria,23,pattersongeorge@example.com,1987-02-12
Justin,32,wortega@example.com,1994-01-28
William,59,thomasroach@example.org,1971-03-13
Antonio,38,alexander59@example.com,1983-04-21
Frank,37,xallen@example.net,2000-10-13
Dustin,45,alex61@example.com,1994-07-04
Brittany,54,mary97@example.net,1985-08-01
Shannon,21,cward@example.com,1982-07-23
Marcia,35,shannon83@example.org,1985-03-26
Ian,35,theresa64@example.org,1987-09-03
Amanda,54,stevenwolfe@example.com,1968-11-10
Michelle,20,mcclureluis@example.org,2003-02-02
Ronald,58,jonesmichele@example.org,1986-05-25
Laura,48,fhill@example.com,2003-01-29
Carol,35,ovazquez@example.com,1983-12-12
Peter,59,cdavidson@example.com,1979-05-22
Ray,35,anthonynelson@example.com,2004-08-12
Seth,36,bellis@example.org,1995-07-21
Curtis,51,johnsonkyle@example.net,1988-01-09
John,36,saragarcia@example.net,1984-07-16
Devin,48,ksmith@example.com,1989-10-29
Anthony,36,adamsthomas@example.com,1979-11-03
Erin,36,jwall@example.com,1982-08-02
Brandon,26,carsoncraig@example.com,1982-07-09
Brittany,24,vpatterson@example.net,1968-11-16
Joseph,54,andrewmurray@example.com,1995-04-28
Pamela,22,dhoward@example.com,1998-04-01
Caitlin,59,hannah37@example.com,1989-09-08
Alex,58,bennettrobert@example.org,2001-02-24
Ronald,29,whitedavid@example.org,2001-01-22
Amanda,40,justincollins@example.com,1972-12-22
Ellen,26,imendez@example.org,1996-10-12
Ashlee,43,ynelson@example.com,1970-05-20
Dominique,20,samuel32@example.com,1992-12-20
Melanie,52,alopez@example.com,1993-01-09
Jenny,20,olsennicholas@example.com,1984-05-30
John,52,fperkins@example.com,1986-03-12
Nicole,58,nreyes@example.com,1997-12-27
Crystal,49,camposmichael@example.com,1983-01-13
Brittany,22,robertnielsen@example.com,1992-06-06
Damon,25,katiegomez@example.com,1988-12-28
John,54,tinaclark@example.com,1979-05-14
Kristen,47,sharonmorrison@example.net,1992-12-24
Tristan,30,brownkristi@example.net,1995-11-15
Stephanie,36,gshaw@example.org,1983-06-01
Dominique,38,curtisphillips@example.org,1968-03-03
Lisa,32,william41@example.org,1984-05-22
Tiffany,57,cayers@example.net,1972-12-13
Patricia,43,lopezsusan@example.net,2000-02-27
John,33,sarahweaver@example.org,1967-01-21
Lori,57,matthewkey@example.org,1999-05-20
Amanda,56,tadkins@example.com,1984-11-18
Jill,45,marymontgomery@example.com,1978-10-16
Jordan,27,brandon59@example.org,1965-05-19
Steven,46,dean40@example.com,1994-03-01
Leah,48,brenda79@example.net,1968-08-24
Ashley,57,thomas24@example.org,1966-10-12
Robert,58,atorres@example.net,1967-01-31
Kimberly,54,karenpollard@example.com,1983-04-04
Jason,37,caseysusan@example.net,1982-02-14
Ashley,55,michele61@example.org,1970-09-06
Megan,23,millsvictoria@example.net,1984-12-11
James,36,zgonzalez@example.com,1996-09-19
Eric,38,christine65@example.org,1968-01-31
Anita,46,ubarrett@example.com,1986-09-20
Dominique,36,jessicakirby@example.com,1969-02-27
Melanie,35,roseshawn@example.org,1998-11-05
Maria,21,victoria13@example.org,1988-02-27
Gregory,29,ashleybrady@example.com,1984-11-15
Travis,57,crystal51@example.org,1980-07-30
Gregory,45,jenniferjohnson@example.org,1986-01-08
Christopher,25,zbrown@example.com,1966-01-27
Jared,28,lori56@example.org,1972-01-29
Isaac,56,curtis46@example.com,1992-08-24
Tina,26,patriciatate@example.org,1987-11-27
Mindy,60,shawn63@example.com,2001-01-06
Nathaniel,53,jessica15@example.com,1983-07-10
Scott,32,debra77@example.org,1997-04-13
Carrie,30,ataylor@example.net,1972-11-04
Gabriel,58,damonsmith@example.org,2002-07-16
Jennifer,27,frodriguez@example.org,1989-04-24
Johnathan,26,omassey@example.net,1989-01-22
Clifford,60,kmiller@example.org,1972-01-16
Jose,24,enicholson@example.org,1971-07-07
Jonathan,51,ldiaz@example.net,1978-10-03
Allison,27,mariajones@example.org,1993-09-27
Madison,40,ericaross@example.net,1980-11-22
Autumn,56,caitlinshannon@example.net,1977-10-14
Jason,50,elizabeth48@example.org,2002-07-08
Henry,35,johnhancock@example.net,1967-05-20
Jeff,37,millerjohn@example.com,1966-07-15
William,32,jessicapatterson@example.com,1987-05-29
Walter,44,sandra76@example.com,2000-02-01
Frederick,48,gary91@example.net,1994-10-12
Janet,34,barbara26@example.com,1994-06-23
Teresa,49,dstrong@example.net,1997-03-26
Nicholas,22,robertmoore@example.org,1995-04-02
Shawn,47,crichard@example.org,1968-02-10
Kimberly,37,samanthamorgan@example.net,1995-01-11
Nicole,28,mobrien@example.net,1989-08-17
Yolanda,27,brookesmith@example.com,1987-06-15
Charles,38,markskimberly@example.org,2000-04-14
Shannon,51,christophersmith@example.net,1996-04-15
Karen,31,david83@example.net,1977-07-23
Angela,41,howetheresa@example.net,1994-05-16
Ian,24,blanchardedward@example.org,1986-09-07
Monica,29,ashleybarker@example.com,1987-02-25
Colton,53,christine38@example.com,2000-01-28
Jennifer,52,campbelljohn@example.org,1993-03-15
Jose,44,ilong@example.com,1987-06-30
Teresa,51,chaveznancy@example.com,1977-09-12
Aaron,24,stephensondanny@example.net,2001-06-20
Steven,48,destinybrown@example.org,1977-04-19
Misty,27,kellerbryan@example.org,1995-12-13
Jason,41,paultrujillo@example.net,1970-07-24
Luis,32,reevesrichard@example.net,1970-08-15
Christy,57,terrymark@example.org,1984-03-25
Kenneth,35,brianhartman@example.com,1992-07-26
Patricia,43,pinedalawrence@example.com,1972-04-12
Alexis,39,rdougherty@example.net,1967-10-25
Mary,48,juliemoore@example.org,1987-09-18
Eric,20,scottfelicia@example.org,1999-05-28
Stacy,24,elizabethdavis@example.net,1999-03-17
Kevin,34,patrick83@example.net,2004-03-21
Daniel,41,blake99@example.org,1991-03-25
Laura,34,grayjoseph@example.org,1967-09-29
Lauren,58,charles22@example.org,1984-11-06
Wesley,35,heather79@example.net,1997-08-07
Elizabeth,48,jonathan27@example.com,2003-10-08
Michelle,44,joshuaburns@example.net,1999-07-05
Lance,31,wardisaac@example.net,1976-08-28
Lauren,34,laurie86@example.net,1994-09-13
Michael,54,marshjohn@example.org,1985-03-09
Cynthia,25,inguyen@example.org,1966-02-01
Maria,54,thomasswanson@example.org,1997-03-04
Samantha,21,robert06@example.org,1977-03-19
Joshua,35,michaelmcclure@example.net,1974-04-25
April,56,john33@example.net,1988-06-20
Lisa,42,leeamber@example.com,1968-12-05
Alyssa,29,jacob84@example.org,1965-04-29
Tommy,50,pwalker@example.com,1989-01-09
Steven,59,eric80@example.com,1975-04-29
Jessica,49,laurabrown@example.org,1994-03-11
Brandon,57,dawnjones@example.net,1972-03-01
Karen,39,ericclark@example.org,1965-02-02
Amanda,24,lindatorres@example.org,2000-01-02
Allison,45,benjaminthomas@example.org,1989-03-30
Erica,43,devin88@example.com,1991-04-17
John,33,kimberlyconner@example.org,1965-02-13
Kenneth,25,ronald41@example.org,1987-06-08
Heidi,35,scott13@example.com,1972-08-11
Tammie,55,colonbarbara@example.org,1994-07-23
Mary,29,mccoyjoshua@example.net,1986-10-24
John,35,sreilly@example.net,1994-11-06
Tyler,28,donaldanderson@example.com,1966-10-13
Shannon,47,kathy39@example.net,1969-08-14
Karen,34,james70@example.org,1973-05-19
Ashley,57,kjones@example.com,1981-08-18
Dawn,23,adam83@example.org,1994-11-03
Krista,23,kristiedavis@example.net,2001-10-27
Elizabeth,26,julie34@example.com,2002-09-06
Lynn,20,brownrobert@example.com,1994-02-22
John,30,tracy03@example.net,2001-02-16
Tracey,49,elizabeth79@example.com,1986-09-23
Andrea,31,nicholasthompson@example.com,1999-02-10
Brittney,56,sheila48@example.org,1976-11-17
Grant,59,lisawilkinson@example.org,2004-06-02
Carmen,53,marthaho@example.net,1995-11-17
Joel,56,wmartinez@example.org,1976-12-22
Stephen,59,jgordon@example.net,1994-08-21
John,59,cbrady@example.com,2004-06-14
Anthony,34,ljohnson@example.org,1965-11-27
Lawrence,30,seanmiller@example.org,1996-07-20
Ashley,31,luke18@example.com,1972-09-01
Amy,39,denise81@example.net,1993-04-16
Matthew,29,nmorrison@example.com,1965-08-14
Peter,52,wayneburns@example.com,1966-01-22
Julie,32,brendagarcia@example.com,1970-04-14
Jill,35,michelle12@example.net,1999-10-26
Angela,58,roy10@example.com,1981-09-20
Thomas,54,thomas93@example.com,1999-05-17
Nicole,30,laura30@example.com,2003-10-26
Kimberly,28,sabrina43@example.net,1999-08-20
Carlos,35,kellyanderson@example.com,1975-11-23
Brian,39,henrysmith@example.net,1982-03-09
Denise,39,emilyshaffer@example.com,1985-02-03
Gary,54,cneal@example.org,1967-12-20
Vincent,54,gonzalezderek@example.com,2004-11-26
Karen,48,jared98@example.org,1970-05-21
Todd,54,cheryl60@example.org,1968-09-26
Hayden,35,tammykeller@example.com,1965-08-24
Tiffany,27,wesleyharris@example.com,1983-07-02
Tony,22,robert12@example.org,1994-12-01
Amber,49,jenniferroberts@example.com,1996-11-04
Jean,43,mjones@example.net,2003-09-25
Rachel,50,maldonadokristen@example.org,1977-02-28
Sean,35,aliciarandolph@example.org,1981-12-20
Joan,59,ericachaney@example.org,1967-10-30
Caleb,40,bwilson@example.com,1999-12-03
Rebecca,44,uwright@example.org,1986-09-02
Joy,27,timothy68@example.com,1986-08-05
Raymond,28,josephdunn@example.net,1980-11-22
Jessica,53,pbailey@example.net,1985-11-04
Patrick,34,omorrison@example.org,1990-02-14
Cassandra,27,conniechristensen@example.org,1983-07-06
Laura,54,zgonzalez@example.net,1985-08-31
Ronald,34,smithcatherine@example.org,1971-04-26
David,40,wflores@example.net,2000-07-30
Brandon,32,reedsara@example.net,2000-12-27
Frank,34,jenny08@example.com,1995-04-28
Daniel,28,turnersue@example.org,1980-07-17
Jacob,30,brandon85@example.org,1989-08-27
Rachel,34,rayadrian@example.com,1969-10-31
April,59,everettmaria@example.org,1974-10-26
Randy,35,christyhernandez@example.com,1996-05-03
Shelley,43,harperdouglas@example.org,1997-07-13
Brittany,42,erhodes@example.org,1971-05-05
Heather,50,benjaminrhodes@example.org,1980-05-08
Sean,49,robertcastillo@example.org,1977-08-01
Sarah,31,cfowler@example.net,1981-07-10
Julie,29,milesgabrielle@example.com,1966-11-28
Ryan,36,garciagregory@example.net,1967-05-21
Dawn,34,millerjohn@example.com,1972-07-20
Marcus,51,chadnelson@example.org,1968-06-17
Theresa,57,washingtonjennifer@example.org,1975-01-13
Jon,28,eedwards@example.com,1979-05-17
Alexa,38,daryl87@example.com,1981-05-28
Natalie,35,faith18@example.net,2004-12-20
Richard,47,tiffanygibson@example.net,1969-06-02
Kimberly,53,wilsonteresa@example.net,1987-02-07
Kayla,46,coopernicholas@example.com,1989-08-06
Linda,50,benitezjulie@example.net,1996-09-14
Richard,45,jennifer59@example.net,2004-02-10
Richard,31,stephanieortiz@example.org,1981-01-19
Stephen,56,zfreeman@example.org,1965-11-12
Michael,38,patelchristine@example.net,2002-10-23
Jennifer,52,robersonmichael@example.org,1980-09-19
Roger,28,janetpatterson@example.net,2002-05-21
Dean,28,brennaneric@example.net,1970-10-20
Olivia,25,pgonzalez@example.org,2004-02-22
Erin,46,sparkslisa@example.com,1981-07-25
Renee,20,fredericklozano@example.net,1976-06-09
Richard,31,lindseywells@example.org,1980-12-24
Christopher,59,deborah22@example.org,1990-12-23
Michael,28,briandaniels@example.net,1991-08-14
Jennifer,47,hollysmith@example.net,1987-08-03
Kimberly,38,susangutierrez@example.net,1974-08-04
Andre,59,carrollmindy@example.org,1996-05-06
Austin,29,theresa51@example.net,1967-07-09
Joseph,30,rebecca85@example.net,1995-08-07
Jonathon,43,cynthia06@example.org,1989-01-24
Sharon,34,christopher59@example.net,1982-10-16
Jennifer,35,qharrington@example.com,1994-12-02
Donna,39,qwright@example.org,1999-11-07
Amanda,35,paul30@example.net,1983-12-28
Micheal,24,rperez@example.org,1984-11-20
Mary,51,patricia58@example.org,1995-02-13
Erika,31,wcook@example.com,1975-05-29
Donald,36,cranepaul@example.net,1991-07-25
Austin,20,andrea35@example.com,1982-02-26
Jessica,58,rogerscarlos@example.com,1993-07-23
Adam,48,douglas39@example.org,1991-07-27
Sarah,40,ubowman@example.org,1966-12-16
Blake,21,baileyjames@example.net,1973-08-22
Faith,27,kristengomez@example.net,2003-08-22
Tamara,30,hlee@example.net,1980-05-17
Allison,44,kari28@example.net,1969-09-28
Crystal,39,nphillips@example.net,1986-01-15
Melissa,59,craigcharles@example.net,1973-04-29
Austin,20,hdeleon@example.net,1996-08-03
Patricia,58,lgrant@example.net,1987-01-08
Dillon,47,claudiamcknight@example.org,1989-10-18
Kristina,23,pamela90@example.org,1969-03-28
Ryan,48,andrewtorres@example.com,1978-10-05
Jennifer,60,edwardmorrow@example.org,1978-03-10
Andrea,54,ycarpenter@example.com,1965-10-07
Michaela,49,icochran@example.net,1975-07-30
Jennifer,37,blackwelldale@example.org,1966-01-11
Tyler,24,adean@example.com,2001-08-04
Katie,34,williamsullivan@example.net,1986-06-03
Tara,60,scottgeorge@example.com,1985-02-06
Nicole,28,jacob18@example.net,1975-12-04
Omar,24,potterjonathan@example.com,1993-12-25
Heather,56,hallstephen@example.net,1984-09-22
Craig,34,faulknerkimberly@example.net,1997-02-06
Sarah,33,davisjenna@example.com,1997-02-15
Jennifer,59,tonyabaldwin@example.com,1969-07-24
Kara,35,cwhite@example.org,1992-03-04
Lynn,37,ricerobert@example.com,1966-01-14
Jenna,36,sarahwise@example.net,1967-05-12
Brian,24,perezdavid@example.org,1993-04-05
Caleb,31,stephanie25@example.org,1965-09-27
Michelle,47,rnewman@example.com,1976-12-03
Kelly,45,paceantonio@example.net,1987-04-06
Amber,38,jasonjones@example.org,1968-02-29
James,39,corey02@example.net,1979-09-17
Jodi,59,georgebarber@example.net,1977-03-22
Lindsey,45,lesterjesus@example.net,1986-12-06
Jenny,56,aluna@example.org,1970-09-16
Elizabeth,24,johnsonsamantha@example.org,1966-12-14
Karen,56,sandra47@example.org,1965-06-26
Colin,39,josephthomas@example.com,1991-10-30
Lori,26,allison41@example.org,1997-12-28
Donald,50,emilygonzalez@example.net,1970-08-20
Kelsey,29,christopherbrown@example.com,1987-11-21
Kevin,58,susan44@example.net,1991-07-14
Diane,49,sophiarocha@example.org,1969-01-05
Christopher,52,kingchristopher@example.com,1966-05-24
Ronald,28,lucasanderson@example.org,1973-12-23
Mario,41,katie59@example.com,1970-12-06
Jeremy,52,turnerchelsea@example.net,1998-10-08
Jonathan,59,chasejoseph@example.com,2000-10-26
Rachel,23,william65@example.net,2004-03-22
Kevin,26,emily86@example.com,1979-10-08
Heidi,52,jacobskyle@example.com,1992-09-23
Brian,36,zholland@example.org,1977-07-22
Joshua,46,justinburch@example.org,1993-10-24
Jason,26,fosterjames@example.com,1985-02-13
Steven,57,jonathan19@example.org,1988-05-31
Kim,36,rubenmoore@example.org,1994-07-05
Theodore,47,gonzalezcarol@example.org,1984-04-16
Cynthia,24,raymond41@example.com,1995-07-10
Brian,31,alejandrarivera@example.com,1996-03-17
Meagan,49,xshelton@example.org,2004-05-14
Robert,55,crich@example.org,1998-08-23
Kathy,38,bfrancis@example.net,1982-12-11
Janice,58,cwarren@example.org,1986-11-10
Jonathan,50,mgordon@example.com,1994-07-25
Sharon,48,patrick89@example.net,1973-11-14
Wayne,52,lwilliams@example.org,1967-07-07
Scott,47,nbernard@example.org,1993-06-21
Patricia,43,gardnerchristopher@example.org,1988-06-18
Grant,26,james29@example.net,1997-06-22
Jacob,24,riossarah@example.net,1980-09-03
Emma,35,juarezeric@example.com,1974-05-18
Jose,45,wilkersonrachel@example.com,1979-01-08
David,42,gonzalesnicole@example.net,1987-04-27
Hector,28,dsummers@example.org,1979-06-16
Robert,55,denisecollins@example.net,1995-01-20
Kelsey,27,thomas29@example.net,1989-03-15
Timothy,31,william07@example.org,1987-09-16
Craig,55,icarr@example.com,2001-03-16
Jillian,23,lisa35@example.org,1965-08-16
Dean,24,fullerdaniel@example.net,1979-12-09
John,56,brianaanderson@example.com,1984-04-16
Brett,35,erikawilliams@example.net,1997-12-25
David,41,joshuabradley@example.net,1981-08-08
Morgan,24,darrellgray@example.com,2002-06-21
Lindsay,27,davisjessica@example.com,1981-04-01
Tracy,31,shannonmyers@example.org,1969-07-24
Amber,26,geraldfernandez@example.com,1965-01-02
Jonathan,47,griffinjose@example.net,1985-01-19
Alicia,37,stephanie93@example.net,1992-07-18
Louis,27,evan63@example.com,1971-10-21
Rachel,22,xayala@example.com,1992-07-13
Stephen,28,robert65@example.net,1991-04-18
Lynn,30,anthony19@example.net,1979-02-23
Elaine,32,williamsveronica@example.com,1981-05-27
Jacqueline,51,copelandthomas@example.net,1982-12-28
Melissa,36,afernandez@example.org,2002-09-03
Kelly,43,mcconnelldouglas@example.org,1997-08-21
Shirley,33,dawn09@example.org,1983-08-18
Jennifer,49,buchananrachel@example.net,1989-12-29
Corey,52,knelson@example.net,1986-04-17
Troy,28,matthew08@example.com,1989-07-10
William,39,torozco@example.com,2002-05-03
Jackie,27,kayla69@example.net,1982-07-22
Jason,25,joshua03@example.net,1968-02-04
Leslie,24,lbrooks@example.org,1972-06-24
Christopher,35,jacksondebra@example.net,1969-04-06
Karen,56,poncejames@example.com,1979-01-07
Amber,59,lewischristopher@example.org,1996-07-24
Regina,45,amberthompson@example.com,1973-04-14
Courtney,31,gschwartz@example.net,1988-07-24
Brandon,47,lewiscarol@example.net,1979-06-24
Mary,49,nicholemccullough@example.com,1984-12-15
Diane,29,courtneycurry@example.net,1991-02-09
Tammy,28,michelle45@example.com,1994-10-08
Lauren,58,scottangela@example.net,1995-08-22
Cassandra,39,vsmith@example.com,1987-06-03
Cassandra,32,duranamanda@example.net,1987-11-08
Heather,24,courtney74@example.net,2000-08-10
Daniel,42,lrush@example.org,1982-04-20
David,33,strongbrian@example.com,1990-04-25
Jessica,20,fitzpatricksherri@example.com,1967-09-18
Cathy,50,richardsonpatricia@example.com,1967-04-22
Justin,20,tlewis@example.net,1971-03-23
Marcia,47,martinregina@example.net,1968-05-13
Jamie,44,markwilliams@example.com,1984-02-06
Christopher,20,lammarcus@example.org,1972-03-15
Amber,35,kkerr@example.net,1966-12-25
James,25,browndavid@example.org,1981-10-13
Christine,26,moliver@example.net,2004-09-28
Jeremy,55,whitneywall@example.org,1976-05-04
Brandon,27,melendezkatherine@example.net,1980-01-20
Dawn,34,huynhmarissa@example.org,2003-04-17
Kathleen,30,margaretespinoza@example.com,1980-11-26
April,42,yprice@example.com,1973-03-24
Brittany,38,davisleah@example.net,1969-01-01
Katelyn,52,maldonadokatherine@example.net,1984-07-07
Katherine,50,bruceheather@example.com,1995-05-20
Cindy,37,sthomas@example.net,2003-07-26
Heather,42,andrewfletcher@example.org,1975-12-06
Taylor,39,chelsea72@example.org,1973-03-02
John,55,ericapark@example.net,1990-11-17
Allison,43,amandadoyle@example.com,1986-06-21
Amber,37,jcarter@example.org,1979-07-05
John,24,sosborne@example.com,2003-01-02
Michael,49,vburke@example.com,1996-02-06
Tina,58,millershari@example.net,1990-10-21
Laura,30,holtjennifer@example.com,1979-05-12
Tracy,51,byrdkimberly@example.com,2002-04-12
Amy,35,terrancevelasquez@example.net,1979-07-28
Patricia,55,melanie51@example.org,1970-09-15
Elizabeth,47,qkhan@example.net,1990-07-05
Cynthia,40,zperez@example.net,1969-07-28
Larry,29,sblair@example.net,1989-05-22
Mackenzie,20,davisbrett@example.com,1993-12-26
Jonathan,33,ychapman@example.com,1982-05-13
Andrew,26,dorisvalencia@example.net,1975-03-28
James,43,clinton65@example.com,1972-05-30
Jacob,30,wwalls@example.net,1967-07-25
Kimberly,40,richardmoody@example.com,1973-12-18
Jeffrey,34,kimberly00@example.org,1984-12-19
Benjamin,38,gking@example.com,1976-06-07
Cynthia,48,lauramann@example.net,2000-05-18
Jessica,42,kellyrodriguez@example.org,1994-06-05
Thomas,31,jocelynpetersen@example.com,2002-07-21
Amanda,30,johnsonwhitney@example.org,1986-08-21
Mark,38,lopezperry@example.org,2003-10-02
James,21,jennifer09@example.com,1989-07-23
Peter,60,franciscoharris@example.org,2000-11-08
Elizabeth,20,brittany86@example.org,2004-12-01
Gregory,33,mhunter@example.org,1988-11-14
Shannon,49,bweaver@example.org,1996-09-22
Dennis,29,coreycohen@example.org,2002-02-06
Allison,20,monicapeterson@example.org,2001-05-14
Adam,20,andrea35@example.org,1982-02-18
Michael,23,shannonthompson@example.com,1988-12-27
Michelle,55,andrew25@example.net,1993-05-15
Alexander,55,townsenderic@example.org,2004-09-22
Jonathan,33,allisonharrison@example.net,1965-03-18
Luis,35,millerdaniel@example.com,1976-07-06
Nathan,50,andreabailey@example.org,1973-04-18
Kimberly,26,padillaashley@example.org,1984-08-12
James,43,nicolegoodman@example.org,1998-01-14
Michael,25,tuckermichael@example.net,1993-11-28
Monica,21,bdrake@example.com,1980-01-13
Grant,57,strevino@example.net,1966-02-15
Martin,38,hermanphillip@example.org,2001-06-29
Samantha,44,gregorychristopher@example.org,1973-09-23
Jacob,20,welchbrett@example.net,1968-03-15
Joshua,24,veronicathomas@example.net,2001-03-07
Vicki,49,rebecca43@example.com,1969-01-27
Christine,20,justin70@example.org,1994-01-23
Mia,60,pmacdonald@example.net,1983-10-25
Dennis,34,joseph81@example.org,1990-05-26
Alyssa,60,zbenson@example.com,1978-05-28
Marcus,20,shermansamantha@example.org,1983-05-30
Christine,39,hpayne@example.org,1968-09-24
John,29,pramirez@example.com,1968-09-10
Edward,30,jennifercooper@example.org,1980-02-14
Amanda,60,comptonsamuel@example.com,1992-07-20
Diana,32,padillajames@example.net,1983-10-13
Ronald,27,michael40@example.org,1970-05-07
Joshua,46,tdavis@example.net,1978-04-30
Michael,56,hartmichael@example.net,2004-06-18
Amy,59,wrodriguez@example.org,1993-09-05
Craig,37,kristinetyler@example.org,1986-02-02
Pedro,37,alexander63@example.com,2000-11-17
Ana,45,richardrodriguez@example.org,1980-03-31
Brenda,20,amartin@example.com,1989-03-12
Jill,51,kjordan@example.org,1988-02-25
Alyssa,28,brendarobinson@example.net,1972-04-01
Carl,42,rhondabentley@example.org,1979-02-10
Yvette,24,garnerjohn@example.net,1966-10-19
Chelsea,28,iparker@example.org,2003-11-15
Kristi,41,mary36@example.org,1979-04-07
Elizabeth,35,mary07@example.org,2001-02-24
Stephen,51,bholden@example.com,1991-05-10
Megan,38,aviladanielle@example.org,1993-04-27
George,59,hayessusan@example.com,1990-11-25
Laura,23,nfrederick@example.org,1977-08-23
Rachel,30,ryan01@example.org,1983-06-02
Ashley,44,steven43@example.com,1990-10-09
Andrea,20,ronaldgonzalez@example.org,1998-02-04
Michael,35,berryelijah@example.org,2002-01-30
Gary,49,paigevaughn@example.org,1981-10-07
Edward,56,rodriguezjody@example.org,1977-08-07
Luke,51,jennifer94@example.org,1994-10-29
Amber,36,felicia89@example.net,1986-04-04
Andrew,34,walkerdiana@example.org,1987-11-01
Dustin,34,melissajoseph@example.org,1989-05-08
Amy,43,sbaker@example.org,1970-10-27
Joshua,27,michellelee@example.com,1968-02-02
Theresa,26,matthew32@example.org,2000-07-22
Dustin,42,hannah94@example.net,1988-05-30
Timothy,29,caseymelendez@example.com,1982-07-30
Chad,32,michael96@example.org,2004-07-25
Rachael,30,jacobsmonica@example.net,1975-03-28
Grant,53,austinkenneth@example.com,1970-11-08
Debra,45,josephpeters@example.net,1967-03-31
Michael,26,jonathancrawford@example.org,1987-11-29
Cindy,46,dillonstephen@example.com,1983-12-31
Renee,37,jamesjones@example.com,1968-06-21
Chelsea,29,reneelee@example.net,1985-02-18
Brittany,53,seankelley@example.com,1969-02-22
Stephen,30,rebecca86@example.org,1995-07-24
Ryan,42,claytonelizabeth@example.net,1975-12-08
Preston,33,catherine87@example.com,1999-05-11
Robert,26,stevensmith@example.com,1970-11-12
Kelly,39,isaiahlawrence@example.com,2003-05-29
Maria,48,larsonpamela@example.net,1981-08-23
Leah,60,brandon34@example.com,1987-03-05
John,51,coryprice@example.com,1977-01-14
Scott,42,briannaboyd@example.com,1971-07-12
Derrick,37,daniel03@example.com,2002-04-23
Yvette,49,pacedaniel@example.net,1975-03-22
Michelle,28,bscott@example.com,1983-03-09
Craig,31,courtney59@example.com,1983-10-28
Brianna,55,mary54@example.com,1966-01-21
Alejandra,57,kimberlycabrera@example.com,1982-01-31
Stephanie,35,aprilhiggins@example.com,1976-11-04
Jo,51,gregoryvictoria@example.net,1979-10-18
Rebecca,23,awright@example.net,1979-10-10
Larry,22,rcarter@example.com,1992-06-19
Charles,52,lorraine36@example.net,1973-04-10
Kelly,56,tashawood@example.net,1994-05-23
Todd,51,cburnett@example.org,1987-05-01
Kyle,40,thomasleblanc@example.org,1985-01-24
John,38,vasquezjoel@example.net,1986-08-20
Laura,36,jonesangela@example.com,1980-07-15
Frederick,22,fostercorey@example.org,1991-09-11
Mary,47,kimberly15@example.com,1998-07-09
David,20,klee@example.net,1992-06-06
Christopher,41,christinarogers@example.net,2003-04-28
Grant,43,whitelisa@example.com,1993-11-02
Jonathan,44,jfaulkner@example.org,1975-06-21
Diane,37,natashawilson@example.net,1982-12-20
Jennifer,49,gwalton@example.com,1978-03-04
Jamie,46,xrichardson@example.org,1977-12-17
Kristen,39,stephaniemacias@example.net,2000-03-22
Samantha,28,emcdonald@example.com,1983-09-14
Sean,55,steven15@example.com,1986-08-22
Megan,55,petersonnancy@example.com,1989-05-03
Brandon,51,kevin91@example.com,2002-04-14
Larry,54,denisewebster@example.org,1980-08-17
Maria,47,connermariah@example.org,1977-08-13
Jenna,31,robertguzman@example.net,1995-01-05
Wayne,37,shaneanderson@example.org,1974-12-06
Jennifer,54,tranjeff@example.com,2003-11-01
Paul,31,simsdaniel@example.net,1965-03-26
Brandon,42,afrazier@example.com,1990-05-03
Corey,50,lawsonrobert@example.com,1976-02-22
Thomas,37,cbrowning@example.org,1997-02-19
Tiffany,37,rhall@example.org,1966-05-05
Amanda,20,avilashane@example.org,1973-12-06
Chad,56,anthony00@example.com,1992-11-11
Megan,42,larryriggs@example.com,1987-02-17
Heather,29,jasonbaker@example.org,1981-12-22
Karen,33,moralesrichard@example.com,1978-01-10
Krystal,37,josephewing@example.org,1973-07-11
Lisa,29,kurt61@example.org,1998-02-05
Mikayla,57,calvinballard@example.com,2002-01-27
Jamie,59,holdenerika@example.net,1971-11-09
Kim,39,patrick30@example.com,1983-05-22
Robert,34,jhall@example.net,2002-08-28
Crystal,51,matthewnewman@example.net,1997-12-12
Yvette,24,charles81@example.com,1999-02-23
Joshua,32,lharris@example.org,1977-08-17
Megan,41,hsaunders@example.net,1969-05-30
April,38,ferrellpatricia@example.net,1986-01-07
Daniel,30,russelljones@example.org,1969-07-04
Nathan,60,joseph49@example.org,1999-07-29
Jillian,42,michael94@example.org,1996-10-28
Reginald,35,brettbrock@example.com,2004-09-30
Andrew,40,kevinpham@example.org,1987-02-15
Natalie,38,amy54@example.net,1980-07-22
Walter,33,lopezsamantha@example.net,1982-06-12
Jason,36,wmurphy@example.com,1988-06-17
Megan,26,kingzachary@example.com,1966-06-05
Richard,59,ccollins@example.net,1965-03-28
Lori,60,cynthia61@example.net,1972-05-08
Pamela,41,deleonapril@example.org,1996-03-25
Pamela,40,sheaann@example.com,2002-09-18
Julie,35,raven79@example.org,1976-05-28
Tyler,49,fowlerpamela@example.org,2004-05-19
Jacob,31,johnle@example.org,2000-01-11
Crystal,42,christianwatson@example.com,1988-07-28
Megan,41,nbeck@example.com,2003-06-02
Stacey,28,jacksonmarissa@example.org,1967-02-01
Theresa,57,murphykenneth@example.org,1998-04-14
Gina,27,scott03@example.net,1999-11-16
Frank,32,agraham@example.net,1990-01-13
Julie,22,james29@example.net,1987-11-01
Brian,53,kelly43@example.org,1972-10-24
Mark,44,jeffrey53@example.net,1972-07-11
Ann,34,michaelmichael@example.net,1977-07-18
Sarah,39,william03@example.org,1986-08-01
Kenneth,58,daniellebird@example.org,1985-10-14
Rachel,22,camposbrandon@example.net,1984-04-06
Regina,52,benjaminanderson@example.com,1998-02-03
Zachary,57,robinhernandez@example.com,1982-05-08
Kayla,27,hudsonstephen@example.net,1965-04-06
Justin,51,griffinnancy@example.org,1980-07-14
John,49,melissamccarthy@example.org,1981-03-22
Tina,36,janebrown@example.com,1994-05-18
Jessica,54,gonzalesjames@example.org,1968-12-15
James,23,timothysmith@example.com,1966-01-10
William,48,alexanderferguson@example.net,1995-09-23
Bradley,20,matthew02@example.com,2002-06-14
Nicole,58,colleenwalker@example.net,2001-03-14
Virginia,42,terrygregory@example.com,1983-10-28
Bradley,52,urojas@example.com,2001-02-01
Kevin,45,daviswendy@example.net,1967-10-06
Christopher,23,mchung@example.org,1974-12-06
Daniel,26,ldrake@example.org,2000-04-13
Luis,52,jameshenderson@example.org,1974-11-17
Donna,44,deborah46@example.org,1987-06-03
Brandon,56,timothyallen@example.net,1981-12-25
Justin,59,melissastewart@example.net,2001-08-07
Julian,53,clewis@example.org,1969-05-02
Janet,34,gloverlindsay@example.net,1979-05-28
Heather,21,dstephens@example.com,1987-04-09
Matthew,37,rgordon@example.net,1968-11-08
George,56,kennethanderson@example.org,2000-12-31
Maureen,44,smithshawn@example.net,1991-11-07
April,24,katrina01@example.net,1999-03-24
Theresa,39,leonardshawn@example.com,1976-01-12
Michelle,44,rhondapowell@example.com,1974-07-09
David,34,williamperry@example.org,1975-06-18
Karen,34,wlin@example.org,1983-07-17
Thomas,41,austinboyer@example.org,1977-03-16
Amanda,34,sholmes@example.net,1973-07-30
Robert,24,gstephens@example.org,1988-02-28
Michael,56,kimberlybrown@example.net,1967-02-07
Sarah,36,joannehughes@example.com,1983-06-04
Steven,49,rhonda33@example.com,1995-04-09
Eric,51,destiny11@example.com,1988-02-22
Nicholas,46,georgekaren@example.net,1970-08-10
Nicole,58,crystal50@example.net,1974-01-31
Andrew,33,davisjoshua@example.com,2004-10-22
Kelsey,29,marcoclarke@example.net,1980-05-11
Kristin,20,gilbertcameron@example.net,1979-11-29
Emily,26,nicholashernandez@example.com,1967-07-23
Katrina,60,coreyjohns@example.com,1998-06-05
Tracie,29,larrypotts@example.net,2000-12-31
Brandon,59,katiestokes@example.net,1973-05-12
Erin,21,oclark@example.com,1966-09-14
Michelle,44,shawnmcintosh@example.org,1968-02-28
Kenneth,59,oadams@example.org,1970-07-30
Scott,50,monroethomas@example.com,1985-03-04
Jonathan,22,ryan85@example.net,1987-09-08
David,55,jamieward@example.net,2004-05-21
Justin,30,jasonhenson@example.com,1978-02-10
James,33,ufigueroa@example.com,1997-10-06
Javier,34,sampsonchristopher@example.org,1986-02-28
Anthony,53,john92@example.org,1985-09-22
Tracey,25,hali@example.org,2002-01-05
Ryan,35,davidvaughan@example.com,2001-03-10
Samantha,42,gwood@example.net,1977-11-26
Emily,38,danielwilliamson@example.org,1988-09-02
Micheal,42,stephenhamilton@example.net,1981-11-03
Christopher,39,roy38@example.net,1997-11-16
Carlos,20,lelliott@example.org,1999-06-21
April,59,woodrichard@example.org,1999-04-03
Angelica,20,nbell@example.com,1994-01-31
Anthony,45,melissajohns@example.org,1993-03-08
Raymond,30,ttaylor@example.org,1997-07-12
Edgar,45,walkerhoward@example.net,1996-10-21
Emily,45,jonescarolyn@example.com,2003-05-26
Steven,30,gonzalescatherine@example.org,1965-12-22
Tyler,48,mariaphillips@example.net,1993-06-28
Kyle,47,uwade@example.com,1966-07-08
David,28,alyssa65@example.com,1990-06-09
Robert,52,hillheidi@example.com,1999-11-15
Alexandra,53,oneillrachel@example.com,1973-07-07
Stephanie,36,thunt@example.org,1992-07-24
Hannah,58,olivia54@example.net,1973-05-13
Megan,23,utrevino@example.org,1993-07-18
Melissa,26,vward@example.org,1987-12-16
Janice,54,saunderstiffany@example.org,1978-02-15
Kevin,34,iwilkerson@example.net,1985-09-08
Wanda,45,amycooke@example.org,1993-01-20
Jonathan,44,justincarney@example.org,1976-10-13
Crystal,57,uhensley@example.org,1999-08-04
Jason,58,rogersjanet@example.net,1996-08-13
William,50,shannon58@example.org,1987-09-06
Brian,60,ashleyburns@example.com,2000-05-03
Jenny,49,tyler94@example.com,1972-03-06
Tina,60,ywalter@example.org,1979-02-06
Kimberly,25,denisebarker@example.com,1987-09-19
Johnathan,41,hicksamanda@example.org,1999-07-03
Roy,40,larry60@example.com,1971-02-11
Martha,29,danielbenton@example.org,1966-02-23
Donald,37,hwagner@example.com,1978-01-11
Janet,33,robinsonnancy@example.org,1967-10-16
Jonathan,48,dblankenship@example.com,1989-09-22
Erica,60,clarkesamuel@example.org,1983-01-25
Kimberly,34,valdezkeith@example.net,1986-06-08
John,24,rwagner@example.com,1974-05-03
Kristina,27,gateschristine@example.org,1990-04-15
Anna,47,ingramlaura@example.org,1998-01-17
Wesley,38,ronald61@example.net,2001-10-21
Jeffrey,44,elizabethwhite@example.org,1991-09-22
Robert,47,kleinluis@example.org,1987-01-14
Christian,39,michelle33@example.net,1996-01-23
Andrew,36,rhonda26@example.net,1968-06-01
Caitlin,40,hopkinsbarbara@example.com,1998-04-09
Sherry,34,jenniferkline@example.net,1969-02-18
Alex,56,dbaker@example.com,1979-02-04
Brianna,27,lcook@example.com,1992-11-15
Heather,60,christina87@example.com,1993-11-15
Katelyn,22,imyers@example.net,1978-12-18
Brandon,33,kimberlykelly@example.net,1982-08-23
Lindsay,45,martinjames@example.com,1974-02-10
Kara,58,andersonandrew@example.net,1969-05-02
Brittany,43,qbernard@example.org,2002-04-07
Lynn,35,robert37@example.org,1986-04-15
Heather,50,bchung@example.com,1965-07-08
Chad,48,sboyd@example.com,1977-10-03
Ronald,22,laura22@example.org,1979-12-14
Tammy,20,ywilliamson@example.com,1979-12-09
Philip,60,kathryn18@example.org,1965-03-28
David,28,robert25@example.com,1997-03-08
Cole,32,josephhamilton@example.net,1996-02-27
David,32,michelle61@example.org,1998-01-25
Christina,33,yjimenez@example.net,1987-07-03
Eric,25,xdixon@example.org,1994-02-06
Francis,46,cynthiastewart@example.com,1975-07-28
Jason,58,martinezbarbara@example.net,1966-10-03
Susan,25,teresa25@example.net,2004-09-28
Rebecca,55,willismichael@example.net,1966-12-10
David,33,jacqueline55@example.com,1984-10-05
Amanda,47,gomezchristopher@example.com,1968-02-24
Jennifer,26,angeldavis@example.com,1981-09-23
Alexa,33,icaldwell@example.net,1986-06-12
Christina,27,gilbert79@example.com,2000-05-24
Amy,53,fgilbert@example.org,1977-11-10
Donna,20,ylewis@example.com,2004-03-10
Kathy,36,weberjacob@example.net,1975-04-16
Brianna,45,huffmanmichael@example.net,2003-12-08
Pamela,33,gary81@example.net,1999-05-14
Amanda,21,hoashley@example.org,1996-07-22
Jacqueline,35,linda33@example.org,1985-12-23
Richard,36,darrell67@example.net,1968-10-04
Jose,46,richardtucker@example.com,1995-01-18
Daniel,40,brian71@example.com,2000-10-02
Rachel,30,bullockchristine@example.net,1995-01-03
John,29,daniel14@example.net,1999-02-14
Craig,40,eadams@example.org,1968-12-23
Calvin,42,williamserica@example.org,1972-09-09
Maria,34,qbell@example.com,1998-07-08
Linda,40,gibbsjames@example.net,1996-03-26
Timothy,27,ryan08@example.com,1981-10-22
Elizabeth,34,caincaroline@example.net,1967-03-20
Robyn,26,carol50@example.com,1999-02-21
John,34,millschristina@example.org,1965-02-21
Jason,50,kmason@example.org,1966-06-04
Arthur,31,sjackson@example.net,1966-03-12
Timothy,49,dadams@example.org,1975-04-14
Marco,32,zscott@example.net,1974-11-21
Mark,52,cjacobs@example.com,1972-03-20
Rachael,37,kevin87@example.com,1986-05-19
Holly,44,michael60@example.net,1967-12-13
Andrew,27,ccook@example.net,1989-03-01
Anthony,38,lruiz@example.com,1997-03-22
Gina,60,michaellawson@example.net,1974-10-08
Austin,54,jameswilliams@example.com,1988-10-20
Craig,37,dmarquez@example.net,1989-09-11
Justin,52,wcrawford@example.org,1971-05-12
Christian,59,juan79@example.org,1967-11-25
Joseph,59,shanewade@example.org,1980-06-18
Ashley,47,jennifer31@example.org,1966-03-19
Mary,31,ifoley@example.org,1993-03-19
Ronald,45,donald45@example.org,1987-07-09
Charles,26,abigailbranch@example.org,1976-04-01
Gina,54,danielslaura@example.org,1975-04-28
Michelle,31,williamsalexander@example.org,1980-04-19
Christopher,55,sadams@example.net,2001-04-16
Kevin,32,benjaminbrian@example.org,1975-12-13
Juan,49,meganmoore@example.com,1976-12-01
Cristina,39,catherinelam@example.org,1972-03-04
Julie,48,murraysarah@example.net,1994-10-31
Cindy,29,joshua06@example.net,1995-09-16
Juan,42,kimberlyosborn@example.com,2000-04-01
William,33,marc47@example.org,1975-11-23
Shane,37,morenokelly@example.net,1972-05-18
Clinton,45,jimenezernest@example.net,1985-08-05
Charles,47,michael75@example.net,1977-03-15
Virginia,31,stephaniejohnson@example.com,1969-03-13
Shannon,22,tford@example.org,1975-11-09
James,25,william32@example.org,1979-10-29
Victoria,51,danastone@example.org,1997-10-25
Lisa,57,derekmyers@example.org,1983-08-23
Seth,48,lindseyjohnson@example.org,1970-12-04
Justin,49,diana14@example.org,1993-09-30
Edward,40,schmidtlindsey@example.com,1998-01-29
Bradley,34,margaretwilliams@example.com,1998-12-18
Melanie,27,amber87@example.net,1977-09-09
Chris,47,josephschneider@example.com,1965-06-27
Sandra,56,robertowen@example.org,1991-07-01
Michael,50,burnsmelinda@example.com,1970-04-28
Kimberly,33,daniel39@example.org,1974-03-25
Melinda,54,vthomas@example.net,1993-04-13
Troy,28,wheelertimothy@example.org,1972-04-24
Andrea,35,uknapp@example.net,1967-09-03
Mitchell,23,katie36@example.com,1965-10-09
John,43,john01@example.org,1970-12-16
Donald,55,bmiller@example.net,1994-10-10
Brian,29,mckinneytheresa@example.com,1967-09-26
Melissa,56,alison29@example.com,2001-12-14
Tracey,33,bryce75@example.net,2004-03-08
William,47,kellycaleb@example.org,1972-05-16
Amanda,23,stacy99@example.com,2003-08-02
Scott,34,virginia75@example.net,1985-04-09
William,60,dylan78@example.org,1986-02-15
Jay,53,anneellis@example.net,1973-05-19
Ryan,49,btanner@example.com,1973-05-17
Marie,30,wendy06@example.com,1994-07-10
Benjamin,33,amanda22@example.com,1981-02-12
Veronica,48,wmiller@example.net,1995-08-14
Mary,36,zachary18@example.com,1999-06-29
Erika,31,eric93@example.net,2002-11-16
Brandon,27,thomasrandolph@example.org,1969-02-14
Brian,45,johnsonjames@example.net,1968-08-27
Melissa,57,theresagarrett@example.org,1979-10-21
Mary,26,tvargas@example.org,1997-08-31
Eric,39,agray@example.org,2000-01-09
Christopher,48,stephen87@example.net,1987-06-23
Rebecca,36,mary01@example.net,1981-04-27
Cathy,37,lisa89@example.org,1965-08-21
Kathryn,47,cynthia59@example.org,1990-03-31
Kelly,48,bfaulkner@example.net,1991-05-17
Victoria,28,qphillips@example.com,1997-04-26
Christine,48,jasonchambers@example.com,1996-10-01
Lee,44,dsmith@example.org,1974-08-05
Scott,27,shawn14@example.net,1972-04-17
Kimberly,47,bellmargaret@example.net,1995-12-31
Victoria,57,isabellastevens@example.com,1967-05-14
David,31,anthony12@example.com,1969-04-24
Kathleen,31,markwade@example.com,1975-01-06
Stephanie,20,danny96@example.net,1982-10-27
Juan,24,martineztamara@example.com,2004-04-04
Brittany,41,vfrazier@example.com,1974-01-11
Teresa,48,brendamartin@example.net,1989-11-18
Jessica,43,zhawkins@example.com,1988-12-29
Karen,58,medinachristina@example.com,1967-05-18
Amber,59,hendersongregory@example.net,2001-07-11
Debbie,56,jonathan23@example.net,2003-11-30
Donna,46,nathan43@example.net,2002-03-10
Erik,32,ramossandra@example.net,1989-01-27
Brad,37,tara74@example.org,1974-06-09
Crystal,36,ypatel@example.com,2004-09-22
Krystal,35,qholmes@example.org,1997-06-27
Thomas,44,ryanamber@example.com,1994-07-07
Victoria,58,albertlambert@example.org,1967-11-21
Jade,51,jonesrichard@example.com,1996-05-22
John,22,vspears@example.com,2002-10-07
Mark,30,nicole20@example.com,1982-02-12
Linda,24,stewartapril@example.com,1977-08-19
Xavier,31,hernandezpeter@example.com,1995-08-10
David,34,jaredhoffman@example.net,1971-05-18
Mitchell,37,danieltownsend@example.net,1972-03-31
Andrew,34,greenrick@example.org,1976-12-22
Dawn,38,ryanthornton@example.com,1971-09-01
Katherine,40,dillonandrew@example.org,1987-02-14
Justin,48,april38@example.org,2000-09-29
Jonathan,36,ebrown@example.org,1975-07-25
Justin,32,ashley71@example.com,1980-04-11
Daniel,56,stevensmatthew@example.com,1991-06-04
Eric,34,kristinamcintyre@example.net,1974-12-27
Timothy,58,robert38@example.org,1991-11-06
Pamela,38,lisaarnold@example.net,1997-11-17
John,42,cassandramack@example.org,1999-07-29
David,45,howellstephen@example.com,1966-02-26
Tina,46,emilyhayes@example.org,2000-10-06
Brittney,21,amandahebert@example.com,1988-07-25
Kenneth,32,michaelmartin@example.com,1976-01-04
Glen,53,ramseymark@example.org,1993-08-30
Jeffery,25,christina21@example.com,1991-11-29
Christopher,49,kimfry@example.net,1998-01-12
Steven,43,ypowell@example.net,1990-01-02
David,60,christianwalker@example.net,2002-08-09
Amy,59,dean23@example.com,1982-09-07
James,47,kennethlara@example.net,1972-05-07
Marissa,38,gwalker@example.com,1975-12-01
Donna,56,scott85@example.com,1991-07-27
Tonya,44,pcameron@example.org,1974-01-04
Anthony,21,nicholewalsh@example.net,1972-07-13
Wendy,34,josephfoster@example.com,1989-10-31
Allison,46,williamsamanda@example.com,1998-05-18
Scott,59,harrelllisa@example.org,1998-07-29
Timothy,27,michellescott@example.net,1977-04-05
Deborah,24,scott00@example.net,1990-10-29
Zachary,24,salazarlinda@example.org,1992-01-01
Dennis,60,tpark@example.com,1973-05-23
Jessica,40,mariawatkins@example.org,1985-01-16
Christopher,53,allison38@example.org,1999-04-14
Tony,51,patriciawatson@example.org,1969-10-19
Jon,43,david42@example.com,1985-07-20
Tracy,51,baileychristian@example.net,1997-09-29
Christina,56,wpalmer@example.net,1995-08-17
Garrett,40,portega@example.net,1986-06-01
Megan,53,cassandra10@example.com,1997-02-02
Kyle,29,williamssusan@example.net,1979-06-23
Joshua,21,qnguyen@example.net,2004-12-19
Eric,32,nlane@example.com,1985-12-16
Kevin,49,orusso@example.net,1985-02-07
Michael,36,alexstephens@example.net,1975-10-09
Jeffrey,54,jamesward@example.org,1980-07-17
Victoria,37,jeanthompson@example.com,1981-03-14
Shelby,36,amy71@example.com,1982-07-03
Laura,29,kenneth75@example.org,1988-10-14
Holly,43,michellelin@example.com,1972-04-16
Jerry,49,robert37@example.com,1977-09-07
Holly,31,michael29@example.org,1968-11-23
Shaun,30,wendycox@example.net,1978-12-24
Christian,45,ronaldhill@example.com,1973-10-30
Cassidy,39,madisonlynch@example.com,1992-06-22
Jeffrey,44,cmichael@example.net,1998-01-08
Connie,28,jenniferallen@example.com,1967-11-18
Meagan,33,isaacbennett@example.org,2001-11-15
James,23,kayla56@example.org,1995-07-13
Philip,52,vanessa07@example.org,1995-04-11
William,60,carla50@example.com,1995-10-21
Daniel,23,fosterjo@example.org,1968-05-12
Ross,53,matthew68@example.com,1984-09-07
Pamela,38,dana81@example.org,1988-02-21
Rachel,28,christina20@example.com,2000-11-01
Sarah,33,rmoore@example.com,1976-10-22
Kristen,24,john49@example.com,1979-11-18
Brandon,39,manuelcastro@example.com,1972-11-10
James,31,gary92@example.net,1994-03-26
Ryan,47,jschmidt@example.com,1992-12-23
Dale,58,rose89@example.net,1981-04-09
James,40,masonkent@example.org,1974-11-14
Sherry,41,browntammy@example.org,1975-03-19
Stephanie,46,mwyatt@example.net,1976-11-03
Jacqueline,26,brian85@example.com,1987-07-03
Heidi,32,tony24@example.net,1981-05-08
Daniel,37,vargascarl@example.org,1983-11-24
Richard,45,kylebuchanan@example.org,2000-12-29
Shane,49,bashley@example.org,1970-05-12
Joshua,58,nsmith@example.org,1989-04-06
Edward,56,snyderjohn@example.org,1987-03-27
Tammy,21,elizabethhansen@example.com,1974-04-02
Nichole,36,hpowell@example.net,1984-07-28
Joshua,24,jonestaylor@example.org,1981-03-08
Eric,49,ohull@example.net,1994-12-13
